{
	"format_version": "1.21.20",
	"minecraft:geometry": [
		{
			"description": {
				"identifier": "geometry.mbl_kitchensink",
				"texture_width": 16,
				"texture_height": 16,
				"visible_bounds_width": 2,
				"visible_bounds_height": 2.5,
				"visible_bounds_offset": [0, 0.75, 0]
			},
			"bones": [
				{
					"name": "bone",
					"pivot": [0, 0, 0],
					"cubes": [
						{
							"origin": [-8, 0, -7],
							"size": [16, 10, 15],
							"uv": {
								"north": {"uv": [0, 7.5], "uv_size": [4, 2.5]},
								"east": {"uv": [7.5, 0], "uv_size": [3.75, 2.5]},
								"south": {"uv": [0, 7.5], "uv_size": [4, 2.5]},
								"west": {"uv": [7.5, 0], "uv_size": [3.75, 2.5]},
								"up": {"uv": [0, 0], "uv_size": [4, 3.75]},
								"down": {"uv": [0, 7.5], "uv_size": [4, -3.75]}
							}
						},
						{
							"origin": [-7, 1, -7.5],
							"size": [14, 12, 1],
							"uv": {
								"north": {"uv": [4, 0], "uv_size": [3.5, 3]},
								"east": {"uv": [11.75, 11.5], "uv_size": [0.25, 3]},
								"south": {"uv": [4, 3], "uv_size": [3.5, 3]},
								"west": {"uv": [11.75, 11.5], "uv_size": [0.25, 3]},
								"up": {"uv": [11.25, 4], "uv_size": [3.5, 0.25]},
								"down": {"uv": [11.25, 4.5], "uv_size": [3.5, -0.25]}
							}
						},
						{
							"origin": [6.5, 2.5, -9.5],
							"size": [0, 9, 2],
							"uv": {
								"north": {"uv": [0, 0], "uv_size": [0, 2]},
								"east": {"uv": [9.75, 11.5], "uv_size": [0.5, 2.25]},
								"south": {"uv": [0, 0], "uv_size": [0, 2]},
								"west": {"uv": [10.25, 11.5], "uv_size": [-0.5, 2.25]},
								"up": {"uv": [0, 0], "uv_size": [0, 0.5]},
								"down": {"uv": [0, 0.5], "uv_size": [0, -0.5]}
							}
						},
						{
							"origin": [-8, 10, -7],
							"size": [16, 4, 3],
							"uv": {
								"north": {"uv": [8, 7], "uv_size": [4, 1]},
								"east": {"uv": [2.5, 12], "uv_size": [0.75, 1]},
								"south": {"uv": [8, 5.5], "uv_size": [4, 1]},
								"west": {"uv": [3.25, 12], "uv_size": [-0.75, 1]},
								"up": {"uv": [11.25, 0], "uv_size": [4, 0.75]},
								"down": {"uv": [11.25, 1.5], "uv_size": [4, -0.75]}
							}
						},
						{
							"origin": [-8, 14, -8],
							"size": [16, 2, 4],
							"uv": {
								"north": {"uv": [11.25, 3], "uv_size": [4, 0.5]},
								"east": {"uv": [2.25, 10], "uv_size": [1, 0.5]},
								"south": {"uv": [8, 5], "uv_size": [4, 0.5]},
								"west": {"uv": [3.25, 10], "uv_size": [-1, 0.5]},
								"up": {"uv": [8, 9], "uv_size": [4, 1]},
								"down": {"uv": [4, 10.5], "uv_size": [4, -1]}
							}
						},
						{
							"origin": [-8, 10, 5],
							"size": [16, 6, 3],
							"uv": {
								"north": {"uv": [8, 5], "uv_size": [4, 1.5]},
								"east": {"uv": [0, 11.5], "uv_size": [0.75, 1.5]},
								"south": {"uv": [8, 6.5], "uv_size": [4, 1.5]},
								"west": {"uv": [0.75, 11.5], "uv_size": [-0.75, 1.5]},
								"up": {"uv": [11.25, 1.5], "uv_size": [4, 0.75]},
								"down": {"uv": [11.25, 3], "uv_size": [4, -0.75]}
							}
						},
						{
							"origin": [5, 10, -4],
							"size": [3, 6, 9],
							"uv": {
								"north": {"uv": [1.5, 11.5], "uv_size": [0.75, 1.5]},
								"east": {"uv": [2.25, 10.5], "uv_size": [2.25, 1.5]},
								"south": {"uv": [7.5, 11.5], "uv_size": [0.75, 1.5]},
								"west": {"uv": [12.5, 10], "uv_size": [-2.25, 1.5]},
								"up": {"uv": [4.5, 10.5], "uv_size": [0.75, 2.25]},
								"down": {"uv": [5.25, 12.75], "uv_size": [0.75, -2.25]}
							}
						},
						{
							"origin": [-8, 10, -4],
							"size": [3, 6, 9],
							"uv": {
								"north": {"uv": [8.25, 11.5], "uv_size": [0.75, 1.5]},
								"east": {"uv": [10.25, 10], "uv_size": [2.25, 1.5]},
								"south": {"uv": [9, 11.5], "uv_size": [0.75, 1.5]},
								"west": {"uv": [2.25, 10.5], "uv_size": [2.25, 1.5]},
								"up": {"uv": [6, 10.5], "uv_size": [0.75, 2.25]},
								"down": {"uv": [6.75, 12.75], "uv_size": [0.75, -2.25]}
							}
						}
					]
				},
				{
					"name": "bone2",
					"parent": "bone",
					"pivot": [0, 0, 0],
					"cubes": [
						{
							"origin": [-1, 16, 5.5],
							"size": [2, 4, 2],
							"uv": {
								"north": {"uv": [7.5, 5], "uv_size": [0.5, 1]},
								"east": {"uv": [7.5, 10.5], "uv_size": [0.5, 1]},
								"south": {"uv": [4, 12], "uv_size": [0.5, 1]},
								"west": {"uv": [12, 5], "uv_size": [0.5, 1]},
								"up": {"uv": [3.25, 10], "uv_size": [0.5, 0.5]},
								"down": {"uv": [12, 7], "uv_size": [0.5, -0.5]}
							}
						},
						{
							"origin": [2, 16, 5.5],
							"size": [2, 1, 2],
							"uv": {
								"north": {"uv": [12, 9.5], "uv_size": [0.5, 0.25]},
								"east": {"uv": [12, 9.75], "uv_size": [0.5, 0.25]},
								"south": {"uv": [12, 11.5], "uv_size": [0.5, 0.25]},
								"west": {"uv": [12, 11.75], "uv_size": [0.5, 0.25]},
								"up": {"uv": [12, 7], "uv_size": [0.5, 0.5]},
								"down": {"uv": [12, 8], "uv_size": [0.5, -0.5]}
							}
						},
						{
							"origin": [-4, 16, 5.5],
							"size": [2, 1, 2],
							"uv": {
								"north": {"uv": [12, 12], "uv_size": [0.5, 0.25]},
								"east": {"uv": [12.25, 4.5], "uv_size": [0.5, 0.25]},
								"south": {"uv": [12.25, 4.75], "uv_size": [0.5, 0.25]},
								"west": {"uv": [12, 12.25], "uv_size": [0.5, 0.25]},
								"up": {"uv": [12, 8], "uv_size": [0.5, 0.5]},
								"down": {"uv": [12, 9], "uv_size": [0.5, -0.5]}
							}
						},
						{
							"origin": [-1, 20, 1.5],
							"size": [2, 1, 6],
							"uv": {
								"north": {"uv": [12, 9], "uv_size": [0.5, 0.25]},
								"east": {"uv": [12, 6], "uv_size": [1.5, 0.25]},
								"south": {"uv": [12, 9.25], "uv_size": [0.5, 0.25]},
								"west": {"uv": [12, 6.25], "uv_size": [1.5, 0.25]},
								"up": {"uv": [10.75, 11.5], "uv_size": [0.5, 1.5]},
								"down": {"uv": [11.25, 13], "uv_size": [0.5, -1.5]}
							}
						}
					]
				}
			],
			"item_display_transforms": {
				"thirdperson_righthand": {
					"rotation": [75, 45, 0],
					"translation": [0, 2.5, 0],
					"scale": [0.375, 0.375, 0.375],
					"rotation_pivot": [0, 0, 0],
					"scale_pivot": [0, 0, 0]
				},
				"thirdperson_lefthand": {
					"rotation": [75, 45, 0],
					"translation": [0, 2.5, 0],
					"scale": [0.375, 0.375, 0.375],
					"rotation_pivot": [0, 0, 0],
					"scale_pivot": [0, 0, 0]
				},
				"firstperson_righthand": {
					"rotation": [0, 45, 0],
					"translation": [0, 0, 0],
					"scale": [0.4, 0.4, 0.4],
					"rotation_pivot": [0, 0, 0],
					"scale_pivot": [0, 0, 0]
				},
				"firstperson_lefthand": {
					"rotation": [0, -135, 0],
					"translation": [0, 0, 0],
					"scale": [0.4, 0.4, 0.4],
					"rotation_pivot": [0, 0, 0],
					"scale_pivot": [0, 0, 0]
				},
				"ground": {
					"rotation": [0, 0, 0],
					"translation": [0, 3, 0],
					"scale": [0.25, 0.25, 0.25],
					"rotation_pivot": [0, 0, 0],
					"scale_pivot": [0, 0, 0]
				},
				"gui": {
					"rotation": [30, 145, 0],
					"translation": [-0.25, -0.75, 0],
					"scale": [0.525, 0.525, 0.525],
					"rotation_pivot": [0, 0, 0],
					"scale_pivot": [0, 0, 0],
					"fit_to_frame": false
				},
				"fixed": {
					"rotation": [0, 0, 0],
					"translation": [0, 0, 0],
					"scale": [0.5, 0.5, 0.5],
					"rotation_pivot": [0, 0, 0],
					"scale_pivot": [0, 0, 0]
				}
			}
		}
	]
}