{
	"format_version": "1.12.0",
	"minecraft:geometry": [
		{
			"description": {
				"identifier": "geometry.kitchensink",
				"texture_width": 16,
				"texture_height": 16,
				"visible_bounds_width": 2,
				"visible_bounds_height": 2.5,
				"visible_bounds_offset": [0, 0.75, 0]
			},
			"bones": [
				{
					"name": "bone",
					"pivot": [0, 0, 0],
					"cubes": [
						{
							"origin": [-8, 0, -7],
							"size": [16, 10, 15],
							"uv": {
								"north": {"uv": [4.25, 6.5], "uv_size": [4, 2.5]},
								"east": {"uv": [0, 8], "uv_size": [3.5, 2.5]},
								"south": {"uv": [4.25, 6.5], "uv_size": [4, 2.5]},
								"west": {"uv": [0, 8], "uv_size": [3.75, 2.5]},
								"up": {"uv": [0, 0], "uv_size": [4, 3.75]},
								"down": {"uv": [0, 7.75], "uv_size": [4, -3.75]}
							}
						},
						{
							"origin": [-7, 1, -7.5],
							"size": [14, 12, 1],
							"uv": {
								"north": {"uv": [4.25, 0], "uv_size": [3.5, 3]},
								"east": {"uv": [5.75, 12], "uv_size": [0.25, 3]},
								"south": {"uv": [4.25, 3.25], "uv_size": [3.5, 3]},
								"west": {"uv": [5.75, 12], "uv_size": [0.25, 3]},
								"up": {"uv": [12.25, 0], "uv_size": [3.5, 0.25]},
								"down": {"uv": [12.25, 0.75], "uv_size": [3.5, -0.25]}
							}
						},
						{
							"origin": [6.5, 2.5, -9.5],
							"size": [0, 9, 2],
							"uv": {
								"north": {"uv": [8, 12], "uv_size": [0, 2.25]},
								"east": {"uv": [0, 12], "uv_size": [0.5, 2.25]},
								"south": {"uv": [8, 12], "uv_size": [0, 2.25]},
								"west": {"uv": [0.5, 12], "uv_size": [-0.5, 2.25]},
								"up": {"uv": [4, 8], "uv_size": [0, 0.5]},
								"down": {"uv": [4, 8.5], "uv_size": [0, -0.5]}
							}
						},
						{
							"origin": [-8, 10, -7],
							"size": [16, 4, 3],
							"uv": {
								"north": {"uv": [8, 3.5], "uv_size": [4, 1]},
								"east": {"uv": [6.25, 12], "uv_size": [0.75, 1]},
								"south": {"uv": [8, 4.75], "uv_size": [4, 1]},
								"west": {"uv": [7, 12], "uv_size": [-0.75, 1]},
								"up": {"uv": [6.5, 10.25], "uv_size": [4, 0.75]},
								"down": {"uv": [10.75, 11], "uv_size": [4, -0.75]}
							}
						},
						{
							"origin": [-8, 14, -8],
							"size": [16, 2, 4],
							"uv": {
								"north": {"uv": [11, 9.5], "uv_size": [4, 0.5]},
								"east": {"uv": [6.5, 9.25], "uv_size": [1, 0.5]},
								"south": {"uv": [4.25, 11.25], "uv_size": [4, 0.5]},
								"west": {"uv": [7.5, 9.25], "uv_size": [-1, 0.5]},
								"up": {"uv": [8.5, 6], "uv_size": [4, 1]},
								"down": {"uv": [8.5, 8.25], "uv_size": [4, -1]}
							}
						},
						{
							"origin": [-8, 10, 5],
							"size": [16, 6, 3],
							"uv": {
								"north": {"uv": [8, 0], "uv_size": [4, 1.5]},
								"east": {"uv": [0.75, 12], "uv_size": [0.75, 1.5]},
								"south": {"uv": [8, 1.75], "uv_size": [4, 1.5]},
								"west": {"uv": [1.5, 12], "uv_size": [-0.75, 1.5]},
								"up": {"uv": [0, 11], "uv_size": [4, 0.75]},
								"down": {"uv": [11, 9.25], "uv_size": [4, -0.75]}
							}
						},
						{
							"origin": [5, 10, -4],
							"size": [3, 6, 9],
							"uv": {
								"north": {"uv": [1.75, 12], "uv_size": [0.75, 1.5]},
								"east": {"uv": [8.5, 8.5], "uv_size": [2.25, 1.5]},
								"south": {"uv": [2.75, 12], "uv_size": [0.75, 1.5]},
								"west": {"uv": [4, 9.25], "uv_size": [2.25, 1.5]},
								"up": {"uv": [8.5, 11.25], "uv_size": [0.75, 2.25]},
								"down": {"uv": [9.5, 13.5], "uv_size": [0.75, -2.25]}
							}
						},
						{
							"origin": [-8, 10, -4],
							"size": [3, 6, 9],
							"uv": {
								"north": {"uv": [3.75, 12], "uv_size": [0.75, 1.5]},
								"east": {"uv": [4, 9.25], "uv_size": [2.25, 1.5]},
								"south": {"uv": [4.75, 12], "uv_size": [0.75, 1.5]},
								"west": {"uv": [8.5, 8.5], "uv_size": [2.25, 1.5]},
								"up": {"uv": [10.5, 11.25], "uv_size": [0.75, 2.25]},
								"down": {"uv": [11.5, 13.5], "uv_size": [0.75, -2.25]}
							}
						}
					]
				},
				{
					"name": "bone2",
					"parent": "bone",
					"pivot": [0, 0, 0],
					"cubes": [
						{
							"origin": [-1, 16, 5.5],
							"size": [2, 4, 2],
							"uv": {
								"north": {"uv": [12.25, 2.75], "uv_size": [0.5, 1]},
								"east": {"uv": [12.25, 4], "uv_size": [0.5, 1]},
								"south": {"uv": [12.5, 11.25], "uv_size": [0.5, 1]},
								"west": {"uv": [12.5, 12.5], "uv_size": [0.5, 1]},
								"up": {"uv": [7.75, 9.25], "uv_size": [0.5, 0.5]},
								"down": {"uv": [12.75, 6.75], "uv_size": [0.5, -0.5]}
							}
						},
						{
							"origin": [2, 16, 5.5],
							"size": [2, 1, 2],
							"uv": {
								"north": {"uv": [13, 2.5], "uv_size": [0.5, 0.25]},
								"east": {"uv": [13, 3], "uv_size": [0.5, 0.25]},
								"south": {"uv": [13, 3.5], "uv_size": [0.5, 0.25]},
								"west": {"uv": [13, 4], "uv_size": [0.5, 0.25]},
								"up": {"uv": [12.75, 7], "uv_size": [0.5, 0.5]},
								"down": {"uv": [12.75, 8.25], "uv_size": [0.5, -0.5]}
							}
						},
						{
							"origin": [-4, 16, 5.5],
							"size": [2, 1, 2],
							"uv": {
								"north": {"uv": [13, 4.5], "uv_size": [0.5, 0.25]},
								"east": {"uv": [6.25, 13.25], "uv_size": [0.5, 0.25]},
								"south": {"uv": [13.25, 11.25], "uv_size": [0.5, 0.25]},
								"west": {"uv": [13.25, 11.75], "uv_size": [0.5, 0.25]},
								"up": {"uv": [13, 1], "uv_size": [0.5, 0.5]},
								"down": {"uv": [13, 2.25], "uv_size": [0.5, -0.5]}
							}
						},
						{
							"origin": [-1, 20, 1.5],
							"size": [2, 1, 6],
							"uv": {
								"north": {"uv": [13.25, 12.25], "uv_size": [0.5, 0.25]},
								"east": {"uv": [12.25, 5.25], "uv_size": [1.5, 0.25]},
								"south": {"uv": [13.25, 12.75], "uv_size": [0.5, 0.25]},
								"west": {"uv": [12.75, 5.75], "uv_size": [1.5, 0.25]},
								"up": {"uv": [7.25, 12], "uv_size": [0.5, 1.5]},
								"down": {"uv": [12.25, 2.5], "uv_size": [0.5, -1.5]}
							}
						}
					]
				}
			]
		}
	]
}