{
	"format_version": "1.12.0",
	"minecraft:geometry": [
		{
			"description": {
				"identifier": "geometry.m",
				"texture_width": 16,
				"texture_height": 16,
				"visible_bounds_width": 2,
				"visible_bounds_height": 2.5,
				"visible_bounds_offset": [0, 0.75, 0]
			},
			"bones": [
				{
					"name": "main",
					"pivot": [0, 0, 0],
					"cubes": [
						{
							"origin": [-1, 0, -1],
							"size": [2, 14, 2],
							"uv": {
								"north": {"uv": [0, 0], "uv_size": [2, 14]},
								"east": {"uv": [0, 0], "uv_size": [2, 14]},
								"south": {"uv": [0, 0], "uv_size": [2, 14]},
								"west": {"uv": [0, 0], "uv_size": [2, 14]},
								"up": {"uv": [2, 2], "uv_size": [-2, -2]},
								"down": {"uv": [2, 2], "uv_size": [-2, -2]}
							}
						}
					]
				},
				{
					"name": "right",
					"pivot": [0, 0, 0],
					"cubes": [
						{
							"origin": [3, 0, -1],
							"size": [2, 14, 2],
							"uv": {
								"north": {"uv": [0, 0], "uv_size": [2, 14]},
								"east": {"uv": [0, 0], "uv_size": [2, 14]},
								"south": {"uv": [0, 0], "uv_size": [2, 14]},
								"west": {"uv": [0, 0], "uv_size": [2, 14]},
								"up": {"uv": [2, 2], "uv_size": [-2, -2]},
								"down": {"uv": [2, 2], "uv_size": [-2, -2]}
							}
						}
					]
				},
				{
					"name": "left",
					"pivot": [0, 0, 0],
					"cubes": [
						{
							"origin": [-5, 0, -1],
							"size": [2, 14, 2],
							"uv": {
								"north": {"uv": [0, 0], "uv_size": [2, 14]},
								"east": {"uv": [0, 0], "uv_size": [2, 14]},
								"south": {"uv": [0, 0], "uv_size": [2, 14]},
								"west": {"uv": [0, 0], "uv_size": [2, 14]},
								"up": {"uv": [2, 2], "uv_size": [-2, -2]},
								"down": {"uv": [2, 2], "uv_size": [-2, -2]}
							}
						}
					]
				},
				{
					"name": "mid",
					"pivot": [-3, 0, 0],
					"cubes": [
						{
							"origin": [-8, 0, -1],
							"size": [2, 14, 2],
							"uv": {
								"north": {"uv": [0, 0], "uv_size": [2, 14]},
								"east": {"uv": [0, 0], "uv_size": [2, 14]},
								"south": {"uv": [0, 0], "uv_size": [2, 14]},
								"west": {"uv": [0, 0], "uv_size": [2, 14]},
								"up": {"uv": [2, 2], "uv_size": [-2, -2]},
								"down": {"uv": [2, 2], "uv_size": [-2, -2]}
							}
						}
					]
				},
				{
					"name": "top",
					"pivot": [11, 0, 0],
					"cubes": [
						{
							"origin": [6, 0, -1],
							"size": [2, 14, 2],
							"uv": {
								"north": {"uv": [0, 0], "uv_size": [2, 14]},
								"east": {"uv": [0, 0], "uv_size": [2, 14]},
								"south": {"uv": [0, 0], "uv_size": [2, 14]},
								"west": {"uv": [0, 0], "uv_size": [2, 14]},
								"up": {"uv": [2, 2], "uv_size": [-2, -2]},
								"down": {"uv": [2, 2], "uv_size": [-2, -2]}
							}
						}
					]
				},
				{
					"name": "bottom",
					"pivot": [6, 0, -3],
					"cubes": [
						{
							"origin": [1, 0, -4],
							"size": [2, 14, 2],
							"uv": {
								"north": {"uv": [0, 0], "uv_size": [2, 14]},
								"east": {"uv": [0, 0], "uv_size": [2, 14]},
								"south": {"uv": [0, 0], "uv_size": [2, 14]},
								"west": {"uv": [0, 0], "uv_size": [2, 14]},
								"up": {"uv": [2, 2], "uv_size": [-2, -2]},
								"down": {"uv": [2, 2], "uv_size": [-2, -2]}
							}
						}
					]
				},
				{
					"name": "top_mid",
					"pivot": [2, 0, -3],
					"cubes": [
						{
							"origin": [-3, 0, -4],
							"size": [2, 14, 2],
							"uv": {
								"north": {"uv": [0, 0], "uv_size": [2, 14]},
								"east": {"uv": [0, 0], "uv_size": [2, 14]},
								"south": {"uv": [0, 0], "uv_size": [2, 14]},
								"west": {"uv": [0, 0], "uv_size": [2, 14]},
								"up": {"uv": [2, 2], "uv_size": [-2, -2]},
								"down": {"uv": [2, 2], "uv_size": [-2, -2]}
							}
						}
					]
				}
			]
		}
	]
}