{
	"format_version": "1.21.20",
	"minecraft:geometry": [
		{
			"description": {
				"identifier": "geometry.uppercabinet",
				"texture_width": 64,
				"texture_height": 64,
				"visible_bounds_width": 2,
				"visible_bounds_height": 2.5,
				"visible_bounds_offset": [0, 0.75, 0]
			},
			"bones": [
				{
					"name": "main",
					"pivot": [-2, 0, 0],
					"cubes": [
						{
							"origin": [-8, 0, -3],
							"size": [16, 14, 11],
							"uv": {
								"north": {"uv": [0, 14], "uv_size": [16, 14]},
								"east": {"uv": [32, 24], "uv_size": [11, 14]},
								"south": {"uv": [0, 14], "uv_size": [16, 14]},
								"west": {"uv": [32, 24], "uv_size": [11, 14]},
								"up": {"uv": [16, 24], "uv_size": [16, 11]},
								"down": {"uv": [0, 39], "uv_size": [16, -11]}
							}
						},
						{
							"origin": [-7, 1, -3.5],
							"size": [14, 12, 1],
							"uv": {
								"north": {"uv": [32, 0], "uv_size": [14, 12]},
								"east": {"uv": [14, 41], "uv_size": [1, 12]},
								"south": {"uv": [32, 12], "uv_size": [14, 12]},
								"west": {"uv": [14, 41], "uv_size": [1, 12]},
								"up": {"uv": [33, 42], "uv_size": [14, 1]},
								"down": {"uv": [33, 44], "uv_size": [14, -1]}
							}
						},
						{
							"origin": [-8, 14, -4],
							"size": [16, 2, 12],
							"uv": {
								"north": {"uv": [27, 38], "uv_size": [16, 2]},
								"east": {"uv": [33, 40], "uv_size": [12, 2]},
								"south": {"uv": [27, 38], "uv_size": [16, 2]},
								"west": {"uv": [33, 40], "uv_size": [12, 2]},
								"up": {"uv": [16, 0], "uv_size": [16, 12]},
								"down": {"uv": [0, 12], "uv_size": [16, -12]}
							}
						},
						{
							"origin": [6.5, 2.5, -5.5],
							"size": [0, 9, 3],
							"uv": {
								"north": {"uv": [0, 0], "uv_size": [0, 9]},
								"east": {"uv": [30, 40], "uv_size": [3, 9]},
								"south": {"uv": [0, 0], "uv_size": [0, 9]},
								"west": {"uv": [30, 40], "uv_size": [3, 9]},
								"up": {"uv": [0, 0], "uv_size": [0, 3]},
								"down": {"uv": [0, 3], "uv_size": [0, -3]}
							}
						}
					]
				},
				{
					"name": "corner",
					"pivot": [2, 0, 0],
					"cubes": [
						{
							"origin": [-8, 0, -3],
							"size": [16, 14, 11],
							"uv": {
								"north": {"uv": [0, 14], "uv_size": [16, 14]},
								"east": {"uv": [32, 24], "uv_size": [11, 14]},
								"south": {"uv": [0, 14], "uv_size": [16, 14]},
								"west": {"uv": [5, 14], "uv_size": [11, 14]},
								"up": {"uv": [16, 24], "uv_size": [16, 11]},
								"down": {"uv": [16, 38], "uv_size": [16, -11]}
							}
						},
						{
							"origin": [-3, 0, -8],
							"size": [11, 14, 5],
							"uv": {
								"north": {"uv": [32, 24], "uv_size": [11, 14]},
								"east": {"uv": [38, 24], "uv_size": [5, 14]},
								"south": {"uv": [0, 14], "uv_size": [16, 14]},
								"west": {"uv": [32, 24], "uv_size": [5, 14]},
								"up": {"uv": [16, 24], "uv_size": [16, 11]},
								"down": {"uv": [16, 19], "uv_size": [11, -5]}
							}
						},
						{
							"origin": [-8, 14, -4],
							"size": [16, 2, 12],
							"uv": {
								"north": {"uv": [27, 38], "uv_size": [16, 2]},
								"east": {"uv": [33, 40], "uv_size": [12, 2]},
								"south": {"uv": [27, 38], "uv_size": [16, 2]},
								"west": {"uv": [31, 38], "uv_size": [12, 2]},
								"up": {"uv": [48, 52], "uv_size": [16, 12]},
								"down": {"uv": [0, 12], "uv_size": [16, -12]}
							}
						},
						{
							"origin": [-4, 14, -8],
							"size": [12, 2, 4],
							"uv": {
								"north": {"uv": [33, 40], "uv_size": [12, 2]},
								"east": {"uv": [39, 38], "uv_size": [4, 2]},
								"south": {"uv": [27, 38], "uv_size": [16, 2]},
								"west": {"uv": [27, 38], "uv_size": [4, 2]},
								"up": {"uv": [35, 60], "uv_size": [12, 4]},
								"down": {"uv": [35, 56], "uv_size": [12, 4]}
							}
						}
					]
				}
			],
			"item_display_transforms": {
				"thirdperson_righthand": {
					"rotation": [75, 45, 0],
					"translation": [0, 2.5, 0],
					"scale": [0.375, 0.375, 0.375],
					"rotation_pivot": [0, 0, 0],
					"scale_pivot": [0, 0, 0]
				},
				"thirdperson_lefthand": {
					"rotation": [75, 45, 0],
					"translation": [0, 2.5, 0],
					"scale": [0.375, 0.375, 0.375],
					"rotation_pivot": [0, 0, 0],
					"scale_pivot": [0, 0, 0]
				},
				"firstperson_righthand": {
					"rotation": [0, 45, 0],
					"translation": [0, 0, 0],
					"scale": [0.4, 0.4, 0.4],
					"rotation_pivot": [0, 0, 0],
					"scale_pivot": [0, 0, 0]
				},
				"firstperson_lefthand": {
					"rotation": [0, -135, 0],
					"translation": [0, 0, 0],
					"scale": [0.4, 0.4, 0.4],
					"rotation_pivot": [0, 0, 0],
					"scale_pivot": [0, 0, 0]
				},
				"ground": {
					"rotation": [0, 0, 0],
					"translation": [0, 3, 0],
					"scale": [0.25, 0.25, 0.25],
					"rotation_pivot": [0, 0, 0],
					"scale_pivot": [0, 0, 0]
				},
				"gui": {
					"rotation": [30, 45, 0],
					"translation": [0, 0, 0],
					"scale": [0.625, 0.625, 0.625],
					"rotation_pivot": [0, 0, 0],
					"scale_pivot": [0, 0, 0],
					"fit_to_frame": false
				},
				"fixed": {
					"rotation": [0, 0, 0],
					"translation": [0, 0, 0],
					"scale": [0.5, 0.5, 0.5],
					"rotation_pivot": [0, 0, 0],
					"scale_pivot": [0, 0, 0]
				}
			}
		}
	]
}